3	ά	ά	INTJ	
3	ἀγωνί^ων	ἀγώνιος	ADJ	Case=Gen|Degree=Pos|Gender=Masc|Number=Plur
3	ἀφ'	ἀπό	ADP	
3	Ἄρη	ἄρης	NOUN	Case=Acc|Gender=Masc|Number=Sing
2	Δαναὸς	Δαναὸς	PROPN	Case=Gen|Gender=Masc|Number=Sing
2	Παλαίχθονος	παλαίχθων	PROPN	Case=Gen|Gender=Masc|Number=Sing
2	Σιδονίᾳ	σιδόνιος	ADJ	Case=Nom|Gender=Neut|Number=Plur
2	γαμετᾶν	γαμετᾶν	NOUN	Case=Acc|Gender=Fem|Number=Sing
2	διαμπάξ	διαμπάξ	NOUN	Case=Nom|Gender=Fem|Number=Sing
2	διχορρόπως	διχορρόπως	ADV	
2	καλύπτρᾳ	κάλυπτρα	NOUN	Case=Nom|Gender=Neut|Number=Plur
2	λακί^δι^	λακίς	NOUN	Case=Dat|Gender=Fem|Number=Sing
2	λινοσινεῖ	λινοσινής	NOUN	Case=Dat|Gender=Neut|Number=Sing
2	οὐρανονίκων	οὐρανονίκων	ADJ	Case=Gen|Gender=Masc|Number=Plur
2	παροίχομαι	παροίχω	VERB	Mood=Ind|Number=Sing|Person=1|Tense=Pres|VerbForm=Fin|Voice=Mid
2	τἀπὶ	ἐπί	ADP	
2	φυγάδα	φυγάς	NOUN	Case=Acc|Gender=Fem|Number=Sing
2	φόνιος	φόνιος	NOUN	Case=Nom|Gender=Masc|Number=Sing
2	ἀμάδα	ἀμάς	NOUN	Case=Dat|Gender=Fem|Number=Sing
2	ἀμέμπτως	ἀμέμπτως	ADV	Degree=Pos
2	ἀμελεῖν	ἀμελέω	VERB	Tense=Pres|VerbForm=Inf|Voice=Act
2	ἄβυσσον	ἄβυσσος	ADJ	Case=Nom|Degree=Pos|Gender=Neut|Number=Sing
2	Ἀπίαν	ἄπιος	ADJ	Case=Acc|Gender=Fem|Number=Sing
2	Ἅιδου	ᾅδης	NOUN	Case=Gen|Gender=Masc|Number=Sing
2	ἱκέτιν	ἱκέτις	NOUN	Case=Acc|Gender=Fem|Number=Sing
2	ἱκεσί^ου	ἱκεσῖος	ADJ	Case=Gen|Gender=Masc|Number=Sing
2	ἱλεῶμαι	ἱλεῶ	VERB	Mood=Sub|Number=Sing|Person=1|Tense=Pres|VerbForm=Fin|Voice=Mid
1	Δαναός	Δαναός	NOUN	Case=Nom|Gender=Masc|Number=Sing
1	Εὐρεΐαισι^ν	Εὐρεΐαις	ADJ	Case=Dat|Gender=Fem|Number=Plur
1	Λιβυστικαῖς	λίβυς	ADJ	Case=Dat|Gender=Fem|Number=Plur
1	Λύδιά^	Λύδιά	NOUN	Case=Nom|Gender=Fem|Number=Sing
1	Λύκειος	Λύκειος	NOUN	Case=Nom|Gender=Masc|Number=Sing
1	Μέμφιν	μέμφις	NOUN	Case=Acc|Gender=Masc|Number=Sing
1	Μήτιδος	Μήτις	NOUN	Case=Gen|Gender=Fem|Number=Sing
1	Ναυπακτία_ς	Ναυπακτίας	PROPN	Case=Gen|Gender=Fem|Number=Sing
1	Πελασγίαν	Πελασγία	ADJ	Case=Acc|Degree=Pos|Gender=Fem|Number=Sing
1	Σαρπηδόνιον	Σαρπηδόνιος	NOUN	Case=Acc|Gender=Masc|Number=Sing
1	Στρυμών	Στρυμών	NOUN	Case=Nom|Gender=Masc|Number=Sing
1	Στύγιον	Στύγιον	NOUN	Case=Nom|Gender=Neut|Number=Sing
1	Συρίᾳ	Συρία	PROPN	Case=Dat|Gender=Fem|Number=Sing
1	Τηρεΐας	Τηρεΐς	NOUN	Case=Acc|Gender=Fem|Number=Plur
1	αἰνιγματῶδες	αἰνιγματῶδεςς	ADJ	Case=Nom|Gender=Neut|Number=Sing
1	αἱματίσαι	αἱματίζω	VERB	Tense=Past|VerbForm=Inf|Voice=Act
1	αὐτα^νέψιον	αὐτανέψιος	ADJ	Case=Acc|Gender=Masc|Number=Sing
1	αὐτανεψί^οις	αὐτανεψίος	NOUN	Case=Dat|Gender=Masc|Number=Plur
1	βάτεαι	βάτεαι	VERB	Aspect=Perf|Mood=Imp|Number=Sing|Person=2|Tense=Past|VerbForm=Fin|Voice=Mid
1	βέλτατον	βέλς	ADJ	Case=Nom|Degree=Sup|Gender=Neut|Number=Sing
1	βαθυμιτροκακὰ^	βαθυμιτροκακὰ	ADJ	Case=Acc|Degree=Pos|Gender=Neut|Number=Plur
1	βαθυχαῖος	βαθυχαῖος	PROPN	Case=Nom|Gender=Masc|Number=Sing
1	βαρύτιμοι	βαρύτιμος	ADJ	Case=Nom|Gender=Masc|Number=Plur
1	βασιλέῳν	βασιλέῳν	NOUN	Case=Gen|Gender=Masc|Number=Plur
1	βλοσυρόφρονα^	βλοσυρόφρων	NOUN	Case=Acc|Gender=Masc|Number=Sing
1	βουθύτοισι^	βουθύτοισι	ADJ	Case=Dat|Gender=Fem|Number=Plur
1	βούλιος	βοῦλις	NOUN	Case=Gen|Gender=Fem|Number=Sing
1	βούχιλον	βούχιλος	ADJ	Case=Acc|Gender=Masc|Number=Sing
1	γαιάοχε	γαιάοχος	NOUN	Case=Voc|Gender=Masc|Number=Sing
1	γαμόρων	γαμόρ	NOUN	Case=Gen|Gender=Masc|Number=Plur
1	γαμῶν	γαμέω	VERB	Case=Nom|Gender=Masc|Number=Sing|Tense=Pres|VerbForm=Part|Voice=Act
1	γανάοντες	γανάω	VERB	Case=Nom|Gender=Masc|Number=Plur|Tense=Pres|VerbForm=Part|Voice=Act
1	γεραροῖσι^	γεραρός	ADJ	Case=Dat|Gender=Masc|Number=Plur
1	γυπιὰ_ς	γυπιὰ	NOUN	Case=Gen|Gender=Fem|Number=Sing
1	δάμαλι^ν	δάμαλις	NOUN	Case=Acc|Gender=Fem|Number=Sing
1	δάμιον	δάμιον	NOUN	Case=Nom|Gender=Neut|Number=Sing
1	δίμοιρον	δίμοιρος	ADJ	Case=Nom|Degree=Pos|Gender=Neut|Number=Sing
1	δίπαιδα^	δίπαιδα	ADJ	Case=Acc|Gender=Masc|Number=Sing
1	δαΐκτορος	δαΐκτωρ	NOUN	Case=Gen|Gender=Masc|Number=Sing
1	δακρυογόνον	δακρυογόνος	ADJ	Case=Acc|Gender=Masc|Number=Sing
1	δακρυοπετῆ	δακρυοπετῆς	NOUN	Case=Dat|Gender=Fem|Number=Sing
1	δεδωμάτωμαι	δεδωμάτωμαι	VERB	Aspect=Perf|Mood=Ind|Number=Sing|Person=1|Tense=Past|VerbForm=Fin|Voice=Mid
1	δελτουμένας	δελτόομαι	VERB	Case=Acc|Gender=Fem|Number=Plur|Tense=Pres|VerbForm=Part|Voice=Pass
1	δεξιωνύ^μοις	δεξιωνύμων	ADJ	Case=Dat|Degree=Pos|Gender=Neut|Number=Plur
1	δημηλάτῳ	δημηλάτῳ	ADJ	Case=Dat|Degree=Pos|Number=Sing
1	δημηλασίαν	δημηλασία	NOUN	Case=Acc|Gender=Fem|Number=Sing
1	διαμειβομένα^	διαμειβομένα	VERB	Case=Nom|Gender=Neut|Number=Plur|Tense=Pres|VerbForm=Part|Voice=Pass
1	διαστρέψω	διαστρέπω	VERB	Mood=Ind|Number=Sing|Person=1|Tense=Fut|VerbForm=Fin|Voice=Act
1	διατέμνοντα^	διατέμνω	VERB	Case=Acc|Gender=Masc|Number=Sing|Tense=Pres|VerbForm=Part|Voice=Act
1	διεκλήρωσεν	διεκλήρωσεν	VERB	Aspect=Perf|Mood=Ind|Number=Sing|Person=3|Tense=Past|VerbForm=Fin|Voice=Act
1	διορνυμένα^	διορνυμένα	VERB	Case=Nom|Gender=Neut|Number=Plur|Tense=Pres|VerbForm=Part|Voice=Pass
1	διωγμοῖς	διωγμοῖς;	NOUN	Case=Dat|Gender=Masc|Number=Plur
1	διόμενοι	διόμενοι	VERB	Case=Nom|Gender=Masc|Number=Plur|Tense=Pres|VerbForm=Part|Voice=Mid
1	διώλου	διώλου	ADJ	Case=Gen|Gender=Masc|Number=Sing
1	δολομήτιδες	δολομήτις	NOUN	Case=Nom|Gender=Masc|Number=Plur
1	δορικανεῖ	δορικανέω	VERB	Mood=Ind|Number=Sing|Person=3|Tense=Pres|VerbForm=Fin|Voice=Act
1	δοριπαγεῖς	δοριπαγής	ADJ	Case=Nom|Degree=Pos|Gender=Masc|Number=Plur
1	δουπια^	δουπιον	NOUN	Case=Nom|Gender=Neut|Number=Plur
1	δυΐαν	δυΐος	ADJ	Case=Acc|Gender=Fem|Number=Sing
1	δυσά^γνοις	δυσάγνοις	ADJ	Case=Dat|Gender=Fem|Number=Plur
1	δυσάγκριτοι	δυσάγκριτος	ADJ	Case=Nom|Gender=Masc|Number=Plur
1	δυσάνορα^	δυσάνωρ	ADJ	Case=Acc|Degree=Pos|Gender=Fem,Masc|Number=Sing
1	δυσμάτορος	δυσμάτωρ	NOUN	Case=Gen|Gender=Masc|Number=Sing
1	δυσπάλαιστα^	δυσπάλαιστος	ADJ	Case=Nom|Gender=Neut|Number=Plur
1	δυσπαλάμως	δυσπαλάμως	ADV	
1	δυσπαραβούλοισι^	δυσπαραβούλοισι	ADJ	Case=Dat|Gender=Fem|Number=Plur
1	δυσπαραθέλκτους	δυσπαράθελκτος	ADJ	Case=Acc|Gender=Masc|Number=Plur
1	δυστυχούντων	δυστυχέω	VERB	Case=Gen|Gender=Masc|Number=Plur|Tense=Pres|VerbForm=Part|Voice=Act
1	εὐμαρὴς	εὐμαρὴς	NOUN	Case=Gen|Gender=Fem|Number=Sing
1	εὐνάτωρ	εὐνάτωρ	NOUN	Case=Nom|Gender=Masc|Number=Sing
1	εὐπιθεῖς	εὐπιθής	ADJ	Case=Acc|Degree=Pos|Gender=Fem,Masc|Number=Plur
1	εὐφύλακτος	εὐφύλακτος	ADJ	Case=Nom|Gender=Fem|Number=Sing
1	εὐχά	εὐχά	VERB	Mood=Imp|Number=Sing|Person=2|Tense=Pres|VerbForm=Fin|Voice=Act
1	εὔκριτον	εὔκριτος	ADJ	Case=Nom|Gender=Neut|Number=Sing
1	ζώφυτον	ζώφυτος	ADJ	Case=Nom|Gender=Neut|Number=Sing
1	θελκτήριος	θελκτήριος	ADJ	Case=Nom|Gender=Masc|Number=Sing
1	θεραποντίδα	θεραποντίς	NOUN	Case=Acc|Gender=Fem|Number=Sing
1	θηλυγενῆ	θηλυγενής	ADJ	Case=Acc|Degree=Pos|Gender=Fem,Masc|Number=Sing
1	θνατοῖσι^	θνατοῖσι	ADJ	Case=Dat|Gender=Masc|Number=Plur
1	θρασυνθῆναι	θρασυνθῆναι	VERB	Tense=Past|VerbForm=Inf|Voice=Pass
1	θρασυστομεῖν	θρασυστομέω	VERB	Tense=Pres|VerbForm=Inf|Voice=Act
1	θυμηδέστατα^	θυμηδέστατα	ADJ	Case=Nom|Degree=Sup|Gender=Neut|Number=Plur
1	κάββας	κάββας	NOUN	Case=Nom|Gender=Masc|Number=Sing
1	κάθησθε	κάθημαι	VERB	Mood=Ind|Number=Plur|Person=2|Tense=Pres|VerbForm=Fin|Voice=Mid
1	κάλωρα^	κάλωρα	ADJ	Case=Acc|Degree=Pos|Gender=Neut|Number=Plur
1	κα^θαροῖσι^	καθαρός	ADJ	Case=Dat|Gender=Masc|Number=Plur
1	καμοῦσι^ν	καμοῦ	VERB	Mood=Ind|Number=Plur|Person=3|Tense=Fut|VerbForm=Fin|Voice=Act
1	καρπώματα^	καρπῶμα	NOUN	Case=Acc|Gender=Neut|Number=Plur
1	κατέπαυσεν	καταπαύω	VERB	Mood=Ind|Number=Sing|Person=3|Tense=Past|VerbForm=Fin|Voice=Act
1	κατέσκηψεν	κατασκήπτω	VERB	Aspect=Perf|Mood=Ind|Number=Sing|Person=3|Tense=Past|VerbForm=Fin|Voice=Act
1	καταστροφή	καταστροφή	NOUN	Case=Nom|Gender=Fem|Number=Sing
1	κατερρινημένους	κατερρινέω	VERB	Aspect=Perf|Case=Acc|Gender=Masc|Number=Plur|Tense=Past|VerbForm=Part|Voice=Pass
1	κατεσφραγισμένα^	κατεσφραγισμένα	VERB	Aspect=Perf|Case=Nom|Gender=Neut|Number=Plur|Tense=Past|VerbForm=Part|Voice=Pass
1	κατοικτιεῖ	κατοικτιεῖ	VERB	Mood=Ind|Number=Sing|Person=3|Tense=Pres|VerbForm=Fin|Voice=Act
1	κεντροδαλήτισι^	κεντροδαλήτις	NOUN	Case=Dat|Gender=Fem|Number=Plur
1	κηρυκευέτω	κηρυκεύω	VERB	Mood=Imp|Number=Sing|Person=3|Tense=Pres|VerbForm=Fin|Voice=Act
1	κι_νητήριον	κινητήριος	ADJ	Case=Acc|Gender=Masc|Number=Sing
1	κινητήρια^	κινητήριος	ADJ	Case=Nom|Gender=Neut|Number=Plur
1	κλάδοισι^	κλάδος	NOUN	Case=Dat|Gender=Masc|Number=Plur
1	κλάδοισι^ν	κλάδοισιν;	NOUN	Case=Dat|Gender=Masc|Number=Plur
1	κλαρί^ου	κλάριος	ADJ	Case=Gen|Gender=Masc|Number=Sing
1	κοινοβωμίαν	κοινοβωμία	NOUN	Case=Acc|Gender=Fem|Number=Sing
1	κοὐδαμοῦ	κοὐδαμοῦ	ADJ	Case=Gen|Gender=Masc|Number=Sing
1	κοὐδαμῶς	οὐδαμῶς	ADV	
1	κρεμὰς	κρεμὰμι	VERB	Mood=Ind|Number=Sing|Person=2|Tense=Pres|VerbForm=Fin|Voice=Act
1	κριτήν	κριτής	NOUN	Case=Acc|Gender=Masc|Number=Sing
1	κυανώπιδα^ς	κυανώπιδες	NOUN	Case=Acc|Gender=Fem|Number=Plur
1	κυβερνήτῃ	κυβερνήτης	NOUN	Case=Dat|Gender=Masc|Number=Sing
1	κυματίαν	κυματία	NOUN	Case=Acc|Gender=Fem|Number=Sing
1	κυνοθρασεῖς	κυνοθρασεῖς	NOUN	Case=Acc|Gender=Fem|Number=Plur
1	κυρήσαις	κυρήσαις	VERB	Mood=Opt|Number=Sing|Person=2|Tense=Past|VerbForm=Fin|Voice=Act
1	κυριωτέρους	κυριωτέρους	ADJ	Case=Acc|Degree=Cmp|Gender=Masc|Number=Plur
1	κωλύουσα^ν	κωλύω	VERB	Case=Acc|Gender=Fem|Number=Sing|Tense=Pres|VerbForm=Part|Voice=Act
1	κἀκεῖ	ἐκεῖ	ADV	
1	κἀμείβεσθε	ἀμείβω	VERB	Mood=Imp|Number=Plur|Person=2|Tense=Pres|VerbForm=Fin|Voice=Mid
1	κἀμπυκώμασι^	κἀμπυκώμασι	ADJ	Case=Dat|Degree=Pos|Gender=Masc|Number=Plur
1	κἀπιχωρί^οις	κἀπιχωρῖος	ADJ	Case=Dat|Degree=Pos|Gender=Masc|Number=Plur
1	κἀπολακτισμοὶ	κἀπολακτισμός	NOUN	Case=Nom|Gender=Masc|Number=Plur
1	κἀρρυσιά^στους	κἀρρυσιάστους	ADJ	Case=Acc|Gender=Masc|Number=Plur
1	λάκαζε	λάκαζος	VERB	Mood=Imp|Number=Sing|Person=2|Tense=Pres|VerbForm=Fin|Voice=Act
1	λαίλαπι^	λαῖλαψ	NOUN	Case=Nom|Gender=Fem|Number=Sing
1	λαβῇ	λαβῇ	VERB	Aspect=Perf|Mood=Sub|Number=Sing|Person=3|Tense=Past|VerbForm=Fin|Voice=Act
1	λεπτοψαμά^θων	λεπτοψάμαθος	NOUN	Case=Gen|Gender=Neut|Number=Plur
1	λιτανὰ	λιτανὰ	NOUN	Case=Acc|Gender=Fem|Number=Sing
1	λυ^κοδίωκτον	λυκοδίωκτος	NOUN	Case=Acc|Gender=Masc|Number=Sing
1	λυτῆρα^	λυτῆρα;	NOUN	Case=Acc|Gender=Masc|Number=Sing
1	μάρπτι	μάρπτις	VERB	Mood=Imp|Number=Sing|Person=2|Tense=Pres|VerbForm=Fin|Voice=Act
1	μάταισι^	μάτη	NOUN	Case=Dat|Gender=Fem|Number=Plur
1	μίασμα^	μίασμα	NOUN	Case=Acc|Gender=Neut|Number=Sing
1	μαινομένα	μαινομένα	VERB	Case=Nom|Gender=Fem|Number=Sing|Tense=Pres|VerbForm=Part|Voice=Mid
1	μαινόλιν	μαινόλις	NOUN	Case=Acc|Gender=Fem|Number=Sing
1	μακάρτατε	μακάρτατος	ADJ	Case=Voc|Degree=Sup|Gender=Masc|Number=Sing
1	μαστηρίῳ	μαστηρίον	NOUN	Case=Dat|Gender=Neut|Number=Sing
1	μετάκοινοι	μετάκοινος	ADJ	Case=Nom|Degree=Pos|Gender=Masc|Number=Plur
1	μετέσταν	μετέσταν	VERB	Aspect=Perf|Mood=Ind|Number=Plur|Person=3|Tense=Past|VerbForm=Fin|Voice=Act
1	μηχανῆς	μηχανή	NOUN	Case=Gen|Gender=Fem|Number=Sing
1	μιαίνεται	μιαίνω	VERB	Mood=Ind|Number=Sing|Person=3|Tense=Pres|VerbForm=Fin|Voice=Pass
1	μιαινόντων	μιαίνω	VERB	Case=Gen|Gender=Masc|Number=Plur|Tense=Pres|VerbForm=Part|Voice=Act
1	μνασαμένα^	μνασαμένα	VERB	Aspect=Perf|Case=Nom|Gender=Masc|Number=Plur|Tense=Past|VerbForm=Part|Voice=Mid
1	μύσαγμά^	μύσαγμά	NOUN	Case=Acc|Gender=Neut|Number=Sing
1	μἀπολωλότας	μἀπόλλυμι	VERB	Aspect=Perf|Case=Acc|Gender=Masc|Number=Plur|Tense=Past|VerbForm=Part|Voice=Act
1	ναυτικαῖσι^ν	ναυτικός	ADJ	Case=Dat|Gender=Fem|Number=Plur
1	ξυ^νοικίαν	ξυνοικία	NOUN	Case=Acc|Gender=Fem|Number=Sing
1	οἰκτίσας	οἰκτίζω	VERB	Aspect=Perf|Case=Nom|Gender=Masc|Number=Sing|Tense=Past|VerbForm=Part|Voice=Act
1	οἴακος	οἴακς	NOUN	Case=Gen|Gender=Masc|Number=Sing
1	οἴκτιρε	οἰκτείρω	VERB	Mood=Imp|Number=Sing|Person=2|Tense=Pres|VerbForm=Fin|Voice=Act
1	οὐχί	οὐχί;	PUNCT	
1	πάνολβον	πάνολβος	NOUN	Case=Acc|Gender=Masc|Number=Sing
1	πάρεστιλωτίσασθε	πάρεστιλωτίζομαι	VERB	Aspect=Perf|Mood=Imp|Number=Plur|Person=2|Tense=Past|VerbForm=Fin|Voice=Mid
1	πάσᾳ	πάσᾳ	DET	Case=Nom|Gender=Fem|Number=Sing
1	πα^ρβατός	παρβατος	NOUN	Case=Nom|Gender=Masc|Number=Sing
1	πα^ρειὰν	παρειὰν	VERB	Tense=Pres|VerbForm=Inf|Voice=Act
1	παιωνίᾳ	παιωνίᾳ	NOUN	Case=Acc|Gender=Neut|Number=Plur
1	παναληθῶς	παναληθῶς	VERB	Aspect=Perf|Case=Nom|Gender=Masc|Number=Sing|Tense=Past|VerbForm=Part|Voice=Act
1	πανδημίᾳ	πανδημίᾳ	ADJ	Case=Nom|Gender=Fem|Number=Sing
1	παντόπτας	παντόπτης	NOUN	Case=Nom|Gender=Masc|Number=Sing
1	πανώρῳ	πανώρῳς	VERB	Mood=Ind|Number=Sing|Person=1|Tense=Pres|VerbForm=Fin|Voice=Act
1	παραρρύ^σεις	παραρρύσης	NOUN	Case=Acc|Gender=Fem|Number=Plur
1	πατραδέλφεια^ν	πατραδέλφεια	NOUN	Case=Acc|Gender=Fem|Number=Sing
1	παχῦναι	παχύνω	VERB	Tense=Pres|VerbForm=Inf|Voice=Act
1	πεδοστιβῆ	πεδοστιβῆ	NOUN	Case=Dat|Gender=Fem|Number=Sing
1	πελειάδων	πελειάς	NOUN	Case=Gen|Gender=Fem|Number=Plur
1	πεπλωμάτων	πεπλῶμα	NOUN	Case=Gen|Gender=Neut|Number=Plur
1	περίφοβόν	περίφοβός	ADJ	Case=Acc|Degree=Pos|Gender=Masc|Number=Sing
1	περιχαμπτὰ^	περιχαμπτὰ	ADJ	Case=Acc|Gender=Neut|Number=Plur
1	πλάτα	πλάτη	NOUN	Case=Nom|Gender=Fem|Number=Sing
1	ποίμναν	ποίμνα	NOUN	Case=Acc|Gender=Fem|Number=Sing
1	πολιούχους	πολιούχους	ADJ	Case=Acc|Degree=Pos|Gender=Masc|Number=Plur
1	πολυθέων	πολυθέος	ADJ	Case=Gen|Gender=Masc|Number=Plur
1	πολυμί^των	πολύμιτος	ADJ	Case=Gen|Gender=Masc|Number=Plur
1	πολυξενώτατον	πόλυξενος	ADJ	Case=Acc|Degree=Sup|Gender=Masc|Number=Sing
1	πολύρυ^τον	πολύρυτος	ADJ	Case=Acc|Degree=Pos|Gender=Masc|Number=Sing
1	πολύτεκνοι	πολύτεκνος	ADJ	Case=Voc|Degree=Pos|Gender=Masc|Number=Plur
1	πορσυνῶν	πορσυνέω	VERB	Case=Nom|Gender=Masc|Number=Sing|Tense=Pres|VerbForm=Part|Voice=Act
1	πορφυροειδεῖ	πορφυροειδής	ADJ	Case=Dat|Gender=Neut|Number=Sing
1	πράξαν	πράξαν	VERB	Aspect=Perf|Case=Acc|Gender=Masc|Number=Sing|Tense=Past|VerbForm=Part|Voice=Act
1	πρακτήριος	πρακτήριος	ADJ	Case=Gen|Gender=Neut|Number=Sing
1	προμαθὶς	προμαθὶς	NOUN	Case=Nom|Gender=Fem|Number=Sing
1	προμηθίαν	προμήθεια	NOUN	Case=Acc|Gender=Fem|Number=Sing
1	προστομίων	προστόμιον	NOUN	Case=Gen|Gender=Neut|Number=Plur
1	προσφύσω	προσφύω	VERB	Mood=Ind|Number=Sing|Person=1|Tense=Fut|VerbForm=Fin|Voice=Act
1	πρύμναν	πρύμνα	NOUN	Case=Acc|Gender=Fem|Number=Sing
1	πρῷρα	πρῷρα	NOUN	Case=Nom|Gender=Fem|Number=Sing
1	πυ^ρίφα^τον	πυρίφατος	NOUN	Case=Acc|Gender=Masc|Number=Sing
1	σαργάναις	σαργάνη	NOUN	Case=Dat|Gender=Fem|Number=Plur
1	στα^σίαρχος	στασίαρχος	NOUN	Case=Nom|Gender=Masc|Number=Sing
1	στυγοῦντες	στυγέω	VERB	Case=Nom|Gender=Masc|Number=Plur|Tense=Pres|VerbForm=Part|Voice=Act
1	συζωμάτων	συζωμάτων;	NOUN	Case=Gen|Gender=Neut|Number=Plur
1	συλήτορα^ς	συλήτωρ	NOUN	Case=Acc|Gender=Masc|Number=Plur
1	σφετεριξάμενοι	σφετερίζω	VERB	Aspect=Perf|Case=Nom|Gender=Masc|Number=Plur|Tense=Past|VerbForm=Part|Voice=Mid
1	σωτήρια^	σωτήρια	NOUN	Case=Nom|Gender=Fem|Number=Sing
1	σωφρονίσμασι^ν	σωφρονίσμασιν	NOUN	Case=Dat|Gender=Neut|Number=Plur
1	τάπιτα^	τάπιτα;	PUNCT	
1	ταλά^ντου	τάλαντον	NOUN	Case=Gen|Gender=Neut|Number=Sing
1	ταχυήρει	ταχυήρης	ADJ	Case=Dat|Gender=Masc|Number=Sing
1	ταχυπόμποισι^	ταχυπόμπος	ADJ	Case=Dat|Gender=Masc|Number=Plur
1	τελευτὰ	τελευτὰ	VERB	Mood=Ind|Number=Sing|Person=3|Tense=Pres|VerbForm=Fin|Voice=Act
1	τιμιωτέραν	τιμιός	ADJ	Case=Acc|Degree=Cmp|Gender=Fem|Number=Sing
1	τοξεύσασα^	τοξεύω	VERB	Aspect=Perf|Case=Nom|Gender=Fem|Number=Sing|Tense=Past|VerbForm=Part|Voice=Act
1	τυγχάνοντα^ς	τυγχάνω	VERB	Case=Acc|Gender=Masc|Number=Plur|Tense=Pres|VerbForm=Part|Voice=Act
1	τἀνάλωμα^	ἀνάλωμα	NOUN	Case=Nom|Gender=Neut|Number=Sing
1	τἀπέκεινα^	τἀπέκεινος	ADJ	Case=Acc|Gender=Neut|Number=Plur
1	φέρματι^	φέρμα	NOUN	Case=Dat|Gender=Neut|Number=Sing
1	φι^λαίτιος	φιλαίτιος	ADJ	Case=Nom|Gender=Masc|Number=Sing
1	φιλαιάκτων	φιλαιάκτων	ADJ	Case=Gen|Gender=Neut|Number=Plur
1	φιτύ^ει	φιτύω	VERB	Mood=Ind|Number=Sing|Person=3|Tense=Pres|VerbForm=Fin|Voice=Act
1	φροίμια^	φροίμιος	ADJ	Case=Acc|Degree=Pos|Gender=Neut|Number=Plur
1	φρονήματι^	φρόνημα	NOUN	Case=Dat|Gender=Neut|Number=Sing
1	φυγά^δα^	φυγάς	NOUN	Case=Acc|Gender=Masc|Number=Sing
1	φυγάδεσσι^ν	φυγάδεσσιν	NOUN	Case=Dat|Gender=Masc|Number=Plur
1	φυγὰν	φυγή	NOUN	Case=Acc|Gender=Fem|Number=Sing
1	φυξανορίᾳ	φυξανορίᾳ	NOUN	Case=Nom|Gender=Fem|Number=Sing
1	χεύμασι^	χεύμα	NOUN	Case=Dat|Gender=Neut|Number=Plur
1	χλίοντα^	χλίος	VERB	Case=Acc|Gender=Masc|Number=Sing|Tense=Pres|VerbForm=Part|Voice=Act
1	χλιδαῖσι^ν	χλιδαῖς	NOUN	Case=Dat|Gender=Fem|Number=Plur
1	χλιδᾷ	χλιδά	NOUN	Case=Voc|Gender=Fem|Number=Sing
1	ψεδυρὰ^	ψεδυρὰ	NOUN	Case=Nom|Gender=Neut|Number=Plur
1	ἀ^ίων	ἀίω	VERB	Case=Nom|Gender=Masc|Number=Sing|Tense=Pres|VerbForm=Part|Voice=Act
1	ἀ^ναρχί^αν	ἀναρχία	NOUN	Case=Acc|Gender=Fem|Number=Sing
1	ἀ^πάταν	ἀπάτα	NOUN	Case=Acc|Gender=Fem|Number=Sing
1	ἀέλπτων	ἄελπτος	NOUN	Case=Gen|Gender=Masc|Number=Plur
1	ἀήθη	ἀήθης	ADJ	Case=Acc|Gender=Masc|Number=Sing
1	ἀβουκόλητον	ἀβουκόλητος	NOUN	Case=Acc|Gender=Masc|Number=Sing
1	ἀγά^ζειν	ἀγάζω	VERB	Tense=Pres|VerbForm=Inf|Voice=Act
1	ἀγκυρουχίαις	ἀγκυρουχίη	NOUN	Case=Dat|Gender=Fem|Number=Plur
1	ἀγομέναν	ἄγω	VERB	Case=Acc|Gender=Fem|Number=Sing|Tense=Pres|VerbForm=Part|Voice=Pass
1	ἀγωνί^οις	ἀγώνιος	ADJ	Case=Dat|Gender=Masc|Number=Plur
1	ἀγόν	ἀγόν;	VERB	Case=Nom|Gender=Neut|Number=Sing|Tense=Pres|VerbForm=Part|Voice=Act
1	ἀείζων	ἀείζω	VERB	Case=Nom|Gender=Masc|Number=Sing|Tense=Pres|VerbForm=Part|Voice=Act
1	ἀενά^ους	ἀέναος	ADJ	Case=Acc|Degree=Pos|Gender=Masc|Number=Plur
1	ἀθέλεος	ἀθέλεος	ADJ	Case=Nom|Gender=Masc|Number=Sing
1	ἀκίθαρι^ν	ἀκίθαρις	NOUN	Case=Acc|Gender=Masc|Number=Sing
1	ἀλίμενον	ἀλίμενος	ADJ	Case=Acc|Degree=Pos|Gender=Masc,Neut|Number=Sing
1	ἀλφεσίβοιον	ἀλφεσίβοιος	ADJ	Case=Acc|Gender=Neut|Number=Sing
1	ἀμεμφῆ	ἀμεμφής	ADJ	Case=Dat|Gender=Fem|Number=Sing
1	ἀμηνίτῳ	ἀμηνίτῳ	VERB	Mood=Imp|Number=Sing|Person=3|Tense=Pres|VerbForm=Fin|Voice=Act
1	ἀμηχανῶ	ἀμηχανέω	VERB	Mood=Ind|Number=Sing|Person=1|Tense=Pres|VerbForm=Fin|Voice=Act
1	ἀμφυγᾶς	ἀμφυγᾶς	NOUN	Case=Acc|Gender=Fem|Number=Plur
1	ἀνέδην	ἀνέδην	ADV	
1	ἀναιμά^κτους	ἀναιμάκτους	ADJ	Case=Acc|Gender=Fem|Number=Plur
1	ἀνελληνόστολον	ἀνελληνόστολος	ADJ	Case=Acc|Degree=Pos|Gender=Masc|Number=Sing
1	ἀνηβῆσαί	ἀνηβέω	VERB	Tense=Past|VerbForm=Inf|Voice=Act
1	ἀνιέρῳ	ἀνιέρῳ	ADJ	Case=Dat|Degree=Pos|Gender=Masc|Number=Sing
1	ἀντίμισθον	ἀντίμισθος	NOUN	Case=Acc|Gender=Masc|Number=Sing
1	ἀντίπορον	ἀντίπορος	ADJ	Case=Acc|Degree=Pos|Number=Sing
1	ἀντιωθῆναι	ἀντιόω	VERB	Tense=Past|VerbForm=Inf|Voice=Pass
1	ἀπέρα_τος	ἀπέρας	ADJ	Case=Nom|Gender=Masc|Number=Sing
1	ἀπαύστου	ἀπαύστου	ADJ	Case=Gen|Degree=Pos|Gender=Masc|Number=Sing
1	ἀπειρόδακρύ^ν	ἀπειρόδακρύν	ADJ	Case=Acc|Gender=Fem|Number=Sing
1	ἀπημάντῳ	ἀπημάντῳ	ADJ	Case=Dat|Degree=Pos|Number=Sing
1	ἀποκοπὰ	ἀποκοπὰ	VERB	Mood=Ind|Number=Sing|Person=2|Tense=Pres|VerbForm=Fin|Voice=Mid
1	ἀπορριφθῇ	ἀπορριφθῇ	VERB	Aspect=Perf|Mood=Sub|Number=Sing|Person=3|Tense=Past|VerbForm=Fin|Voice=Pass
1	ἀποστά^ζει	ἀποστάζω	VERB	Mood=Ind|Number=Sing|Person=3|Tense=Pres|VerbForm=Fin|Voice=Act
1	ἀποστείχοντος	ἀποστείχω	VERB	Case=Gen|Gender=Masc|Number=Sing|Tense=Pres|VerbForm=Part|Voice=Act
1	ἀποστεροίη	ἀποστεροίη	VERB	Mood=Sub|Number=Sing|Person=3|Tense=Pres|VerbForm=Fin|Voice=Act
1	ἀποτρέψειεν	ἀποτρέψειεν	VERB	Mood=Opt|Number=Sing|Person=3|Tense=Past|VerbForm=Fin|Voice=Act
1	ἀπῇ	ἄπειμι	VERB	Mood=Sub|Number=Sing|Person=3|Tense=Pres|VerbForm=Fin|Voice=Act
1	ἀρα_ρότως	ἀραρότως	ADV	
1	ἀρεῖσθαι	ἀρεῖμι	VERB	Tense=Past|VerbForm=Inf|Voice=Mid
1	ἀστραβιζούσας	ἀστραβιζούσας	VERB	Case=Acc|Gender=Fem|Number=Plur|Tense=Pres|VerbForm=Part|Voice=Act
1	ἀστυάνακτα^ς	ἀστυάνακτες	NOUN	Case=Acc|Gender=Masc|Number=Plur
1	ἀστυγειτονουμένας	ἀστυγειτονουμένας	VERB	Case=Acc|Gender=Fem|Number=Plur|Tense=Pres|VerbForm=Part|Voice=Mid
1	ἀσυλίᾳ	ἀσυλίᾳ	NOUN	Case=Dat|Gender=Fem|Number=Sing
1	ἀσφαλέα^	ἀσφαλής	ADJ	Case=Acc|Degree=Pos|Gender=Fem,Masc|Number=Sing
1	ἀσφαλέας	ἀσφαλής	ADJ	Case=Acc|Degree=Pos|Gender=Masc|Number=Plur
1	ἀσώδει	ἀσώδης	ADJ	Case=Dat|Degree=Pos|Gender=Fem|Number=Sing
1	ἀτί^ετον	ἀτίετος	NOUN	Case=Acc|Gender=Masc|Number=Sing
1	ἀτί^μοις	ἀτίμος	ADJ	Case=Dat|Gender=Masc|Number=Plur
1	ἀτερπής	ἀτερπής	ADJ	Case=Nom|Gender=Masc|Number=Sing
1	ἀτι_μά^ζεις	ἀτιμάζω	VERB	Mood=Ind|Number=Sing|Person=2|Tense=Pres|VerbForm=Fin|Voice=Act
1	ἀτι_μά^σαι	ἀτιμάζω	VERB	Mood=Opt|Number=Sing|Person=3|Tense=Past|VerbForm=Fin|Voice=Act
1	ἀτιμώσαντες	ἀτιμόω	VERB	Aspect=Perf|Case=Nom|Gender=Masc|Number=Plur|Tense=Past|VerbForm=Part|Voice=Act
1	ἀτᾷ	ἀτᾷ	NOUN	Case=Nom|Gender=Fem|Number=Sing
1	ἀφίξεως	ἀφίξεως	NOUN	Case=Gen|Gender=Fem|Number=Sing
1	ἀφαιρεθεὶς	ἀφαιρεθεὶς	VERB	Case=Nom|Gender=Masc|Number=Sing|Tense=Past|VerbForm=Part|Voice=Pass
1	ἀχ	ἀχ	INTJ	
1	ἀχείμα^τόν	ἀχείματος	ADJ	Case=Acc|Degree=Pos|Gender=Masc|Number=Sing
1	ἁλίρρυ^τον	ἁλίρρυτος	ADJ	Case=Acc|Gender=Neut|Number=Sing
1	ἁμαρτίνοος	ἁμαρτίνοος	NOUN	Case=Gen|Gender=Masc|Number=Sing
1	ἁρπαγαῖς	ἁρπαγή	NOUN	Case=Dat|Gender=Fem|Number=Plur
1	ἂμ	ἀνά	ADP	
1	ἄγειος	ἄγειος	ADJ	Case=Nom|Degree=Pos|Gender=Masc|Number=Sing
1	ἄδικα^	ἄδικος	ADJ	Case=Acc|Degree=Pos|Gender=Neut|Number=Plur
1	ἄελπτά^	ἄελπτος	ADJ	Case=Nom|Gender=Neut|Number=Plur
1	ἄθελκτον	ἄθελκτον;	ADJ	Case=Acc|Gender=Neut|Number=Sing
1	ἄθικτον	ἄθικτος	ADJ	Case=Nom|Gender=Neut|Number=Sing
1	ἄιδρις	ἄιδρις	PROPN	Case=Nom|Gender=Masc|Number=Sing
1	ἄνατα^	ἄνατος	ADJ	Case=Acc|Gender=Neut|Number=Plur
1	ἄπαρνον	ἄπαρνος	VERB	Aspect=Imp|Mood=Ind|Number=Plur|Person=3|Tense=Past|VerbForm=Fin|Voice=Act
1	ἄπολι^ν	ἄπολις	ADJ	Case=Acc|Gender=Masc|Number=Sing
1	ἄρα^σθαι	αἴρω	VERB	Tense=Past|VerbForm=Inf|Voice=Mid
1	ἄραχνος	ἄραχνος	NOUN	Case=Nom|Gender=Masc|Number=Sing
1	Ἀίδας	Ἀίδαι	NOUN	Case=Nom|Gender=Masc|Number=Plur
1	Ἀερία_ς	Ἀερῖος	ADJ	Case=Gen|Degree=Pos|Gender=Fem|Number=Sing
1	Ἀηδόνης	Ἀηδόνη	NOUN	Case=Gen|Gender=Fem|Number=Sing
1	Ἀπία_ς	ἄπιος	ADJ	Case=Gen|Degree=Pos|Gender=Fem|Number=Sing
1	Ἀπίας	ἄπιος	NOUN	Case=Acc|Gender=Fem|Number=Plur
1	Ἀπόλλω	ἀπόλλων	VERB	Mood=Ind|Number=Sing|Person=1|Tense=Pres|VerbForm=Fin|Voice=Act
1	Ἀπόλλωνος	ἀπόλλων	PROPN	Case=Gen|Gender=Masc|Number=Sing
1	Ἀργολὶς	Ἀργολὶς	NOUN	Case=Nom|Gender=Masc|Number=Sing
1	Ἀσί^δος	Ἀσίς	NOUN	Case=Gen|Gender=Fem|Number=Sing
1	ἐγέννασεν	γεννάω	VERB	Mood=Ind|Number=Sing|Person=3|Tense=Past|VerbForm=Fin|Voice=Act
1	ἐγήρασα^ν	ἐγήρασαν	VERB	Mood=Ind|Number=Plur|Person=3|Tense=Past|VerbForm=Fin|Voice=Act
1	ἐγγύτατα^	ἐγγύτερος	ADJ	Case=Acc|Degree=Sup|Gender=Neut|Number=Plur
1	ἐγχωρίαις	ἐγχώριος	ADJ	Case=Dat|Gender=Fem|Number=Plur
1	ἐκκαθαίρει	ἐκκαθαίρω	VERB	Mood=Ind|Number=Sing|Person=3|Tense=Pres|VerbForm=Fin|Voice=Act
1	ἐναγέα^	ἐναγέος	ADJ	Case=Acc|Degree=Pos|Gender=Neut|Number=Plur
1	ἐνδικωτέροισι^ν	ἐνδικωτέροισιν	ADJ	Case=Dat|Degree=Cmp|Gender=Masc|Number=Plur
1	ἐπέκρινεν	ἐπικρίνω	VERB	Aspect=Perf|Mood=Ind|Number=Sing|Person=3|Tense=Past|VerbForm=Fin|Voice=Act
1	ἐπαΐοντες	ἐπαΐω	VERB	Case=Nom|Gender=Masc|Number=Plur|Tense=Pres|VerbForm=Part|Voice=Act
1	ἐπαφῆς	ἐπαφή	NOUN	Case=Gen|Gender=Fem|Number=Sing
1	ἐπεικάσαι	ἐπεικάζω	VERB	Aspect=Perf|Tense=Past|VerbForm=Inf|Voice=Act
1	ἐπι^λαβὰς	ἐπιλαβή	NOUN	Case=Acc|Gender=Fem|Number=Plur
1	ἐπι^σπάσας	ἐπισπάω	VERB	Aspect=Perf|Case=Nom|Gender=Masc|Number=Sing|Tense=Past|VerbForm=Part|Voice=Act
1	ἐπιβούλους	ἐπιβούλους;	ADJ	Case=Acc|Gender=Masc|Number=Plur
1	ἐπιδέτω	ἐπιδέτω	VERB	Mood=Imp|Number=Sing|Person=3|Tense=Pres|VerbForm=Fin|Voice=Act
1	ἐπιδείξω	ἐπιδείσσω	VERB	Mood=Ind|Number=Sing|Person=1|Tense=Fut|VerbForm=Fin|Voice=Act
1	ἐπιδὼν	ἐπιδὼν	NOUN	Case=Gen|Gender=Fem|Number=Plur
1	ἐπικεκλομένα^	ἐπικεκλομένα	VERB	Aspect=Perf|Case=Nom|Gender=Neut|Number=Plur|Tense=Past|VerbForm=Part|Voice=Pass
1	ἐπιλεξαμένα	ἐπιλεξαμένα	VERB	Aspect=Perf|Mood=Ind|Number=Plur|Person=1|Tense=Past|VerbForm=Fin|Voice=Act
1	ἐπιτυχεῖ	ἐπιτυχεῖ	VERB	Aspect=Perf|Mood=Ind|Number=Sing|Person=3|Tense=Past|VerbForm=Fin|Voice=Act
1	ἐπωνυμίᾳ	ἐπωνυμία	NOUN	Case=Acc|Gender=Fem|Number=Sing
1	ἐπωπάς	ἐπωπάς	VERB	Aspect=Perf|Mood=Ind|Number=Sing|Person=2|Tense=Past|VerbForm=Fin|Voice=Act
1	ἐριοστέπτοισι^	ἐριοστέπτοισι	ADJ	Case=Dat|Gender=Masc|Number=Plur
1	ἐχθίοσι^ν	ἐχθίοσιν;	VERB	Mood=Ind|Number=Plur|Person=3|Tense=Pres|VerbForm=Fin|Voice=Act
1	ἐχθαιροίατο	ἐχθαίρω	VERB	Mood=Opt|Number=Plur|Person=3|Tense=Pres|VerbForm=Fin|Voice=Mid
1	ἑκάτα_ν	ἑκάτα	NOUN	Case=Acc|Gender=Fem|Number=Sing
1	ἑστί^αν	ἑστία	NOUN	Case=Acc|Gender=Fem|Number=Sing
1	ἔπιδε	ἐφοράω	VERB	Mood=Imp|Number=Sing|Person=2|Tense=Pres|VerbForm=Fin|Voice=Act
1	ἔχθραν	ἔχθρα	NOUN	Case=Acc|Gender=Fem|Number=Sing
1	ἕδρανα^	ἕδρανον	NOUN	Case=Acc|Gender=Neut|Number=Plur
1	ἕκασταπῶς	ἕκασταπῶς	ADV	
1	Ἐρασί^νου	Ἐρασίνου	PROPN	Case=Gen|Gender=Masc|Number=Sing
1	Ἔπαφος	Ἔπαφος	ADJ	Case=Nom|Gender=Masc|Number=Sing
1	ἠμπλάκηται	ἠμπλάκηται	VERB	Aspect=Perf|Mood=Ind|Number=Sing|Person=3|Tense=Past|VerbForm=Fin|Voice=Pass
1	ἡλιόκτυ^πον	ἡλιόκτυπος	ADJ	Case=Acc|Degree=Pos|Number=Sing
1	ἰή	ἰός	NOUN	Case=Nom|Gender=Fem|Number=Sing
1	ἰα_τρόμαντι^ς	ἰατρόμαντις	NOUN	Case=Nom|Gender=Masc|Number=Sing
1	ἰαίνοντα^	ἰαίνοντα;	VERB	Case=Acc|Gender=Masc|Number=Sing|Tense=Pres|VerbForm=Part|Voice=Act
1	ἰατροῦ	ἰατρός	NOUN	Case=Gen|Gender=Masc|Number=Sing
1	ἰηλέμοισι^ν	ἰηλέμοισιν	ADJ	Case=Dat|Gender=Masc|Number=Plur
1	ἰσχυρὰ	ἰσχυρός	ADJ	Case=Nom|Gender=Fem|Number=Sing
1	ἰόφ	ἰόφ	ADV	
1	ἱδρυμένας	ἱδρυμένας	VERB	Case=Acc|Gender=Fem|Number=Plur|Tense=Pres|VerbForm=Part|Voice=Pass
1	ἱεροδόκα	ἱεροδόκα	VERB	Aspect=Perf|Mood=Ind|Number=Sing|Person=1|Tense=Past|VerbForm=Fin|Voice=Act
1	ἱκεσία	ἱκέσιος	ADJ	Case=Nom|Gender=Fem|Number=Sing
1	ἱκεταδόκου	ἱκεταδόκης	PROPN	Case=Gen|Gender=Masc|Number=Sing
1	ἱκτηρία_ς	ἱκτηρίη	NOUN	Case=Gen|Gender=Fem|Number=Sing
1	ἱππαδὸν	ἱππαδὸς	NOUN	Case=Acc|Gender=Masc|Number=Sing
1	ἱπποβάμοσι^ν	ἱπποβάμοσιν	NOUN	Case=Dat|Gender=Masc|Number=Plur
1	ἴχαρ	ἴχαρ	NOUN	Case=Acc|Gender=Neut|Number=Sing
1	Ἰαονίοισι^	Ἰαόνιος	ADJ	Case=Dat|Degree=Pos|Gender=Masc|Number=Plur
1	Ἰνά^χῳ	῎ἴναχος	PRON	Case=Dat|Gender=Masc|Number=Sing|Person=1|PronType=Prs
1	Ἰνδάς	Ἰνδάς	NOUN	Case=Acc|Gender=Masc|Number=Plur
1	ὀλοίμαν	ὀλοίμαν	VERB	Mood=Opt|Number=Plur|Person=3|Tense=Past|VerbForm=Fin|Voice=Mid
1	ὀλύμεναι	ὀλύω	VERB	Mood=Sub|Number=Plur|Person=1|Tense=Past|VerbForm=Fin|Voice=Act
1	ὀμφάν	ὀμφά	NOUN	Case=Acc|Gender=Fem|Number=Sing
1	ὀπαδοὺς	ὀπαδός	NOUN	Case=Acc|Gender=Masc|Number=Plur
1	ὀρμέναν	ὀρμέναν	VERB	Case=Acc|Gender=Fem|Number=Sing|Tense=Pres|VerbForm=Part|Voice=Mid
1	ὁμοΐαν	ὁμίοος	ADJ	Case=Acc|Gender=Fem|Number=Sing
1	ὅσια^	ὅσιος	ADJ	Case=Acc|Gender=Neut|Number=Plur
1	ὑλάσκων	ὑλάσκων	VERB	Case=Nom|Gender=Masc|Number=Sing|Tense=Pres|VerbForm=Part|Voice=Act
1	ὑπερθορῇ	ὑπερθορῇ	VERB	Mood=Ind|Number=Sing|Person=3|Tense=Past|VerbForm=Fin|Voice=Pass
1	ὑπερπόντιον	ὑπερπόντιος	ADJ	Case=Acc|Degree=Pos|Gender=Masc,Neut|Number=Sing
1	ὑπερστατεῖ	ὑπερστατέω	VERB	Mood=Ind|Number=Sing|Person=3|Tense=Pres|VerbForm=Fin|Voice=Act
1	ὑπερτάτως	ὑπερτάτως	ADV	
1	ὑπερτοξεύσιμον	ὑπερτοξεύσιμος	ADJ	Case=Acc|Gender=Masc|Number=Sing
1	ὑποδέξα^σθε	ὑποδέχομαι	VERB	Aspect=Perf|Mood=Imp|Number=Plur|Person=2|Tense=Past|VerbForm=Fin|Voice=Mid
1	ὑποσκί^ων	ὑποσκίος	ADJ	Case=Gen|Degree=Pos|Gender=Fem|Number=Plur
1	ὑποχείριος	ὑποχείριος	ADJ	Case=Nom|Degree=Pos|Gender=Masc|Number=Sing
1	ὑψιπύ^ργων	ὑψίπυργος	ADJ	Case=Gen|Gender=Fem|Number=Plur
1	ὕπαστρον	ὕπαστρος	ADJ	Case=Nom|Degree=Pos|Gender=Neut|Number=Sing
1	ὠμμάτωσα^	ὀμματόω	VERB	Mood=Ind|Number=Sing|Person=1|Tense=Past|VerbForm=Fin|Voice=Act
1	ᾤκτισαν	ᾤκτισαν	VERB	Aspect=Perf|Mood=Ind|Number=Plur|Person=3|Tense=Past|VerbForm=Fin|Voice=Act
1	ῥυσιασθεῖσα^ν	ῥυσιαόσ	VERB	Case=Acc|Gender=Fem|Number=Sing|Tense=Past|VerbForm=Part|Voice=Pass
1	ῥύσιος	ῥύσις	NOUN	Case=Gen|Gender=Fem|Number=Sing
